<?xml version='1.0' encoding='UTF-8' ?>
<timeLogEntries>
  <time id="1" path="/Proyecto/Venta de Boletos (Cine Lumiere)/Planning" start="@1631633432017" delta="10" />
  <time id="2" path="/Proyecto/Venta de Boletos (Cine Lumiere)/Planning" start="@1631634058581" delta="17" interrupt="45" />
  <time id="3" path="/Proyecto/Venta de Boletos (Cine Lumiere)/Design" start="@1631637793414" delta="1" interrupt="1" />
  <time id="4" path="/Proyecto/Venta de Boletos (Cine Lumiere)/Code" start="@1631637884412" delta="2" />
  <time id="5" path="/Cine Lumiere Venta de Boletos/PSP0/Planning" start="@1631637979096" delta="48" />
  <time id="6" path="/Cine Lumiere Venta de Boletos/PSP0/Design" start="@1631726822380" delta="9" />
  <time id="7" path="/Cine Lumiere Venta de Boletos/PSP0/Design" start="@1631727549465" delta="11" />
  <time id="8" path="/Cine Lumiere Venta de Boletos/PSP0/Code" start="@1631740861444" delta="29" />
  <time id="9" path="/Cine Lumiere Venta de Boletos/PSP0/Code" start="@1631742586714" delta="39" interrupt="1" />
  <time id="10" path="/Sistema de Certificacion EIMS/PSP0/Planning" start="@1662833113148" delta="25" />
  <time id="11" path="/Sistema de Certificacion EIMS/PSP0/Design" start="@1662834630689" delta="11" />
  <time id="12" path="/Sistema de Certificacion EIMS/PSP0/Code" start="@1662835419578" delta="180" />
  <time id="13" path="/Sistema de Certificacion EIMS/PSP0/Compile" start="@1662846908043" delta="12" />
</timeLogEntries>
